,article_id,authorId,name,url,Rank
0,10.5455/aim.2012.20.47-55,6589245,Fedja Masic,https://www.semanticscholar.org/author/6589245,1
1,10.1177/154407370301700108,2107747571,L. Johnson,https://www.semanticscholar.org/author/2107747571,1
2,10.1177/154407370301700104,2169003,T. Schleyer,https://www.semanticscholar.org/author/2169003,1
3,10.1177/154407370301700103,2169003,T. Schleyer,https://www.semanticscholar.org/author/2169003,1
4,10.1177/154407370301700105,1690314,Dean F. Sittig,https://www.semanticscholar.org/author/1690314,1
5,10.1177/154407370301700105,2266623,M. Kirshner,https://www.semanticscholar.org/author/2266623,2
6,10.1177/154407370301700105,4913417,G. Maupomé,https://www.semanticscholar.org/author/4913417,3
7,10.1177/154407370301700112,11859555,D. Rekow,https://www.semanticscholar.org/author/11859555,1
8,10.1177/154407370301700111,6821082,K. Anusavice,https://www.semanticscholar.org/author/6821082,1
9,10.1177/154407370301700121,6008817,W. Kuo,https://www.semanticscholar.org/author/6008817,1
10,10.1177/154407370301700118,2266623,M. Kirshner,https://www.semanticscholar.org/author/2266623,1
11,10.1016/J.AJODO.2005.04.017,47186993,W. Harrell,https://www.semanticscholar.org/author/47186993,1
12,10.1016/J.AJODO.2005.04.017,2053547367,S. Stanford,https://www.semanticscholar.org/author/2053547367,2
13,10.1016/J.AJODO.2005.04.017,11488443,Paul Bralower,https://www.semanticscholar.org/author/11488443,3
14,10.1016/J.AJODO.2006.07.023,4484670,M Mupparapu,https://www.semanticscholar.org/author/4484670,1
15,10.1055/s-0040-1709506,3241935,T. Thyvalikakath,https://www.semanticscholar.org/author/3241935,1
16,10.1055/s-0040-1709506,1508927034,William D. Duncan,https://www.semanticscholar.org/author/1508927034,2
17,10.1055/s-0040-1709506,11063249,Z. Siddiqui,https://www.semanticscholar.org/author/11063249,3
18,10.1055/s-0040-1709506,6375514,M. LaPradd,https://www.semanticscholar.org/author/6375514,4
19,10.1055/s-0040-1709506,1790679,G. Eckert,https://www.semanticscholar.org/author/1790679,5
20,10.1055/s-0040-1709506,144301516,T. Schleyer,https://www.semanticscholar.org/author/144301516,6
21,10.1055/s-0040-1709506,3745773,D. Rindal,https://www.semanticscholar.org/author/3745773,7
22,10.1055/s-0040-1709506,2103682137,M. Jurkovich,https://www.semanticscholar.org/author/2103682137,8
23,10.1055/s-0040-1709506,66801657,Tracy L Shea,https://www.semanticscholar.org/author/66801657,9
24,10.1055/s-0040-1709506,144526619,G. Gilbert,https://www.semanticscholar.org/author/144526619,10
25,10.1055/s-0038-1668088,2321457,E. Kalenderian,https://www.semanticscholar.org/author/2321457,1
26,10.1055/s-0038-1668088,1435130219,E. Obadan-Udoh,https://www.semanticscholar.org/author/1435130219,2
27,10.1055/s-0038-1668088,5356879,A. Yansane,https://www.semanticscholar.org/author/5356879,3
28,10.1055/s-0038-1668088,145698971,K. Kent,https://www.semanticscholar.org/author/145698971,4
29,10.1055/s-0038-1668088,11966314,N. Hebballi,https://www.semanticscholar.org/author/11966314,5
30,10.1055/s-0038-1668088,2245884,V. Delattre,https://www.semanticscholar.org/author/2245884,6
31,10.1055/s-0038-1668088,2110731291,K. Kumar,https://www.semanticscholar.org/author/2110731291,7
32,10.1055/s-0038-1668088,2991322,O. Tokede,https://www.semanticscholar.org/author/2991322,8
33,10.1055/s-0038-1668088,153272081,Joel M. White,https://www.semanticscholar.org/author/153272081,9
34,10.1055/s-0038-1668088,2440689,M. Walji,https://www.semanticscholar.org/author/2440689,10
35,10.1055/s-0039-1688832,145326036,L. Simon,https://www.semanticscholar.org/author/145326036,1
36,10.1055/s-0039-1688832,1435130219,E. Obadan-Udoh,https://www.semanticscholar.org/author/1435130219,2
37,10.1055/s-0039-1688832,5356879,A. Yansane,https://www.semanticscholar.org/author/5356879,3
38,10.1055/s-0039-1688832,83042473,A. Gharpure,https://www.semanticscholar.org/author/83042473,4
39,10.1055/s-0039-1688832,123854705,Steven Licht,https://www.semanticscholar.org/author/123854705,5
40,10.1055/s-0039-1688832,40309422,J. Calvo,https://www.semanticscholar.org/author/40309422,6
41,10.1055/s-0039-1688832,2074138,J. Deschner,https://www.semanticscholar.org/author/2074138,7
42,10.1055/s-0039-1688832,3838456,A. Damanaki,https://www.semanticscholar.org/author/3838456,8
43,10.1055/s-0039-1688832,30687793,B. Hackenberg,https://www.semanticscholar.org/author/30687793,9
44,10.1055/s-0039-1688832,2440689,M. Walji,https://www.semanticscholar.org/author/2440689,10
45,10.1055/s-0039-1688832,2916447,H. Spallek,https://www.semanticscholar.org/author/2916447,11
46,10.1055/s-0039-1688832,2321457,E. Kalenderian,https://www.semanticscholar.org/author/2321457,12
47,10.4338/ACI-2015-11-RA-0150,2723901,K. Schwei,https://www.semanticscholar.org/author/2723901,1
48,10.4338/ACI-2015-11-RA-0150,2105593569,R. Cooper,https://www.semanticscholar.org/author/2105593569,2
49,10.4338/ACI-2015-11-RA-0150,3107511,Andrea N Mahnke,https://www.semanticscholar.org/author/3107511,3
50,10.4338/ACI-2015-11-RA-0150,2114132714,Zhan Ye,https://www.semanticscholar.org/author/2114132714,4
51,10.4338/ACI-2015-11-RA-0150,145748523,A. Acharya,https://www.semanticscholar.org/author/145748523,5
52,10.1055/s-0038-1667331,2098634638,Zain Chauhan,https://www.semanticscholar.org/author/2098634638,1
53,10.1055/s-0038-1667331,2104708204,M. Samarah,https://www.semanticscholar.org/author/2104708204,2
54,10.1055/s-0038-1667331,143865198,K. Unertl,https://www.semanticscholar.org/author/143865198,3
55,10.1055/s-0038-1667331,2111039004,Martha Jones,https://www.semanticscholar.org/author/2111039004,4
56,10.6026/97320630005307,2267736,J. Irwin,https://www.semanticscholar.org/author/2267736,1
57,10.6026/97320630005307,144301516,T. Schleyer,https://www.semanticscholar.org/author/144301516,2
58,10.6026/97320630005307,2916447,H. Spallek,https://www.semanticscholar.org/author/2916447,3
59,10.1186/1472-6947-10-7,49540981,Mei Song,https://www.semanticscholar.org/author/49540981,1
60,10.1186/1472-6947-10-7,2916447,H. Spallek,https://www.semanticscholar.org/author/2916447,2
61,10.1186/1472-6947-10-7,40506011,D. Polk,https://www.semanticscholar.org/author/40506011,3
62,10.1186/1472-6947-10-7,144301516,T. Schleyer,https://www.semanticscholar.org/author/144301516,4
63,10.1186/1472-6947-10-7,3050758,Teena Wali,https://www.semanticscholar.org/author/3050758,5
64,10.1136/bmjopen-2016-012528,2678436,J. S. St. Sauver,https://www.semanticscholar.org/author/2678436,1
65,10.1136/bmjopen-2016-012528,3777791,A. Carr,https://www.semanticscholar.org/author/3777791,2
66,10.1136/bmjopen-2016-012528,2126608,B. Yawn,https://www.semanticscholar.org/author/2126608,3
67,10.1136/bmjopen-2016-012528,5066278,B. R. Grossardt,https://www.semanticscholar.org/author/5066278,4
68,10.1136/bmjopen-2016-012528,1403215436,Cynthia M Bock-Goodner,https://www.semanticscholar.org/author/1403215436,5
69,10.1136/bmjopen-2016-012528,40361005,L. L. Klein,https://www.semanticscholar.org/author/40361005,6
70,10.1136/bmjopen-2016-012528,2688594,Joshua J. Pankratz,https://www.semanticscholar.org/author/2688594,7
71,10.1136/bmjopen-2016-012528,6159676,L. F. Finney Rutten,https://www.semanticscholar.org/author/6159676,8
72,10.1136/bmjopen-2016-012528,1971525,W. Rocca,https://www.semanticscholar.org/author/1971525,9
73,10.1038/bdj.2008.193,145312242,P. Reynolds,https://www.semanticscholar.org/author/145312242,1
74,10.1038/bdj.2008.193,143851333,J. Harper,https://www.semanticscholar.org/author/143851333,2
75,10.1038/bdj.2008.193,37720527,S. Dunne,https://www.semanticscholar.org/author/37720527,3
76,10.1038/bdj.2008.150,145312242,P. Reynolds,https://www.semanticscholar.org/author/145312242,1
77,10.1038/bdj.2008.150,143851333,J. Harper,https://www.semanticscholar.org/author/143851333,2
78,10.1038/bdj.2008.150,145490717,A. Jenner,https://www.semanticscholar.org/author/145490717,3
79,10.1038/bdj.2008.150,37720527,S. Dunne,https://www.semanticscholar.org/author/37720527,4
80,10.1038/sj.bdj.2013.157,118909712,N. Knott,https://www.semanticscholar.org/author/118909712,1
81,10.1159/000499700,153272081,Joel M. White,https://www.semanticscholar.org/author/153272081,1
82,10.1159/000499700,2071475192,E. Mertz,https://www.semanticscholar.org/author/2071475192,2
83,10.1159/000499700,143703060,J. Mullins,https://www.semanticscholar.org/author/143703060,3
84,10.1159/000499700,13161693,Joshua B Even,https://www.semanticscholar.org/author/13161693,4
85,10.1159/000499700,134789128,Trey Guy,https://www.semanticscholar.org/author/134789128,5
86,10.1159/000499700,133877192,E. Blaga,https://www.semanticscholar.org/author/133877192,6
87,10.1159/000499700,47237585,A. Kottek,https://www.semanticscholar.org/author/47237585,7
88,10.1159/000499700,152663329,Shwetha V. Kumar,https://www.semanticscholar.org/author/152663329,8
89,10.1159/000499700,17838699,S. Bangar,https://www.semanticscholar.org/author/17838699,9
90,10.1159/000499700,3337816,R. Vaderhobli,https://www.semanticscholar.org/author/3337816,10
91,10.1159/000499700,1933953318,R. Brandon,https://www.semanticscholar.org/author/1933953318,11
92,10.1159/000499700,9045443,W. Santo,https://www.semanticscholar.org/author/9045443,12
93,10.1159/000499700,4335926,L. Jenson,https://www.semanticscholar.org/author/4335926,13
94,10.1159/000499700,3709341,S. Gansky,https://www.semanticscholar.org/author/3709341,14
95,10.1159/000328669,38691120,J. Carvalho,https://www.semanticscholar.org/author/38691120,1
96,10.1159/000328669,3082565,P. Bottenberg,https://www.semanticscholar.org/author/3082565,2
97,10.1159/000328669,2555010,D. Declerck,https://www.semanticscholar.org/author/2555010,3
98,10.1159/000328669,5401108,J. van Nieuwenhuysen,https://www.semanticscholar.org/author/5401108,4
99,10.1159/000328669,5014078,J. Vanobbergen,https://www.semanticscholar.org/author/5014078,5
100,10.1159/000328669,2274257,M. Nyssen,https://www.semanticscholar.org/author/2274257,6
101,10.3121/cmr.2017.1380,145748523,A. Acharya,https://www.semanticscholar.org/author/145748523,1
102,10.3121/cmr.2017.1380,8976877,D. Schroeder,https://www.semanticscholar.org/author/8976877,2
103,10.3121/cmr.2017.1380,2723901,K. Schwei,https://www.semanticscholar.org/author/2723901,3
104,10.3121/cmr.2017.1380,46769041,P. Chyou,https://www.semanticscholar.org/author/46769041,4
105,10.1016/j.cden.2009.03.005,2773970,J. Fricton,https://www.semanticscholar.org/author/2773970,1
106,10.1016/j.cden.2009.03.005,2118061461,Hong Chen,https://www.semanticscholar.org/author/2118061461,2
107,10.1016/S0011-8532(02)00002-2,2916447,H. Spallek,https://www.semanticscholar.org/author/2916447,1
108,10.4103/1357-6283.152194,5270644,Vinod Jathanna,https://www.semanticscholar.org/author/5270644,1
109,10.4103/1357-6283.152194,15343591,R. Jathanna,https://www.semanticscholar.org/author/15343591,2
110,10.4103/1357-6283.152194,1400426302,R. Jathanna,https://www.semanticscholar.org/author/1400426302,3
111,10.1111/j.1600-0579.2007.00483.x,2371560,N. Mattheos,https://www.semanticscholar.org/author/2371560,1
112,10.1111/j.1600-0579.2007.00483.x,1779440,N. Stefanovic,https://www.semanticscholar.org/author/1779440,2
113,10.1111/j.1600-0579.2007.00483.x,3971080,P. Apse,https://www.semanticscholar.org/author/3971080,3
114,10.1111/j.1600-0579.2007.00483.x,48303198,R. Attstrom,https://www.semanticscholar.org/author/48303198,4
115,10.1111/j.1600-0579.2007.00483.x,51286674,J. Buchanan,https://www.semanticscholar.org/author/51286674,5
116,10.1111/j.1600-0579.2007.00483.x,2115084224,P. Brown,https://www.semanticscholar.org/author/2115084224,6
117,10.1111/j.1600-0579.2007.00483.x,47867674,A. Camilleri,https://www.semanticscholar.org/author/47867674,7
118,10.1111/j.1600-0579.2007.00483.x,153721362,R. Care,https://www.semanticscholar.org/author/153721362,8
119,10.1111/j.1600-0579.2007.00483.x,47668713,E. Fabrikant,https://www.semanticscholar.org/author/47668713,9
120,10.1111/j.1600-0579.2007.00483.x,49578599,S. Gundersen,https://www.semanticscholar.org/author/49578599,10
121,10.1111/j.1600-0579.2007.00483.x,6058009,S. Honkala,https://www.semanticscholar.org/author/6058009,11
122,10.1111/j.1600-0579.2007.00483.x,2107747571,L. Johnson,https://www.semanticscholar.org/author/2107747571,12
123,10.1111/j.1600-0579.2007.00483.x,2085725771,I. Jonas,https://www.semanticscholar.org/author/2085725771,13
124,10.1111/j.1600-0579.2007.00483.x,12611272,A. Kavadella,https://www.semanticscholar.org/author/12611272,14
125,10.1111/j.1600-0579.2007.00483.x,47234409,J. Moreira,https://www.semanticscholar.org/author/47234409,15
126,10.1111/j.1600-0579.2007.00483.x,5866052,I. Peroz,https://www.semanticscholar.org/author/5866052,16
127,10.1111/j.1600-0579.2007.00483.x,7253481,D. Perryer,https://www.semanticscholar.org/author/7253481,17
128,10.1111/j.1600-0579.2007.00483.x,70067559,R. Seemann,https://www.semanticscholar.org/author/70067559,18
129,10.1111/j.1600-0579.2007.00483.x,3719907,M. Tansy,https://www.semanticscholar.org/author/3719907,19
130,10.1111/j.1600-0579.2007.00483.x,2068070689,H. F. Thomas,https://www.semanticscholar.org/author/2068070689,20
131,10.1111/j.1600-0579.2007.00483.x,38703115,J. Tsuruta,https://www.semanticscholar.org/author/38703115,21
132,10.1111/j.1600-0579.2007.00483.x,123388993,S. Uribe,https://www.semanticscholar.org/author/123388993,22
133,10.1111/j.1600-0579.2007.00483.x,7622524,I. Urtāne,https://www.semanticscholar.org/author/7622524,23
134,10.1111/j.1600-0579.2007.00483.x,48008365,T. F. Walsh,https://www.semanticscholar.org/author/48008365,24
135,10.1111/j.1600-0579.2007.00483.x,145680051,J. Zimmerman,https://www.semanticscholar.org/author/145680051,25
136,10.1111/j.1600-0579.2007.00483.x,7337497,A. Walmsley,https://www.semanticscholar.org/author/7337497,26
137,10.1111/j.1600-0579.2008.00536.x,33393132,P. Ford,https://www.semanticscholar.org/author/33393132,1
138,10.1111/j.1600-0579.2008.00536.x,7799473,N. Foxlee,https://www.semanticscholar.org/author/7799473,2
139,10.1111/j.1600-0579.2008.00536.x,144996576,W. Green,https://www.semanticscholar.org/author/144996576,3
140,10.1111/eje.12203,46975425,P. Nieminen,https://www.semanticscholar.org/author/46975425,1
141,10.1111/eje.12203,3444273,J. Virtanen,https://www.semanticscholar.org/author/3444273,2
142,10.1177/1460458213483613,2846710,Mansuang Wongsapai,https://www.semanticscholar.org/author/2846710,1
143,10.1177/1460458213483613,2805592,S. Suebnukarn,https://www.semanticscholar.org/author/2805592,2
144,10.1177/1460458213483613,2033778,S. Rajchagool,https://www.semanticscholar.org/author/2033778,3
145,10.1177/1460458213483613,146466344,D. Beach,https://www.semanticscholar.org/author/146466344,4
146,10.1177/1460458213483613,2524126,S. Kawaguchi,https://www.semanticscholar.org/author/2524126,5
147,10.4258/hir.2017.23.4.304,35551101,Sai Wai Yan Myint Thu,https://www.semanticscholar.org/author/35551101,1
148,10.4258/hir.2017.23.4.304,2364178,Boonchai Kijsanayotin,https://www.semanticscholar.org/author/2364178,2
149,10.4258/hir.2017.23.4.304,143948638,J. Kaewkungwal,https://www.semanticscholar.org/author/143948638,3
150,10.4258/hir.2017.23.4.304,3846967,N. Soonthornworasiri,https://www.semanticscholar.org/author/3846967,4
151,10.4258/hir.2017.23.4.304,1397517219,W. Pan-ngum,https://www.semanticscholar.org/author/1397517219,5
152,10.3233/978-1-61499-423-7-169,35520741,A. Almaiman,https://www.semanticscholar.org/author/35520741,1
153,10.3233/978-1-61499-423-7-169,2624654,Salwa Bahkali,https://www.semanticscholar.org/author/2624654,2
154,10.3233/978-1-61499-423-7-169,34894949,A. Bahkali,https://www.semanticscholar.org/author/34894949,3
155,10.3233/978-1-61499-423-7-169,1821290,S. Almaiman,https://www.semanticscholar.org/author/1821290,4
156,10.3233/978-1-61499-423-7-169,38898160,A. Metwally,https://www.semanticscholar.org/author/38898160,5
157,10.3233/978-1-61499-423-7-169,31776961,M. Househ,https://www.semanticscholar.org/author/31776961,6
158,10.1145/1240866.1241042,46635890,Michael F. Marotta,https://www.semanticscholar.org/author/46635890,1
159,10.1145/1240866.1241042,1850695,Purin Phanichphant,https://www.semanticscholar.org/author/1850695,2
160,10.1145/1240866.1241042,14213318,Pat Malatack,https://www.semanticscholar.org/author/14213318,3
161,10.1145/1240866.1241042,10282879,Tej Shah,https://www.semanticscholar.org/author/10282879,4
162,10.1145/1240866.1241042,2058961432,Greg Price,https://www.semanticscholar.org/author/2058961432,5
163,10.1145/1240866.1241042,3241935,T. Thyvalikakath,https://www.semanticscholar.org/author/3241935,6
164,10.1145/1240866.1241042,144301516,T. Schleyer,https://www.semanticscholar.org/author/144301516,7
165,10.1145/1240866.1241042,2110688724,Jason I. Hong,https://www.semanticscholar.org/author/2110688724,8
166,10.1007/978-3-319-98298-4_11,1401393910,M. Torres-Urquidy,https://www.semanticscholar.org/author/1401393910,1
167,10.1007/978-3-319-98298-4_11,1398816504,V. J. H. Powell,https://www.semanticscholar.org/author/1398816504,2
168,10.1007/978-3-319-98298-4_11,15541524,S. Geist,https://www.semanticscholar.org/author/15541524,3
169,10.1007/978-3-319-98298-4_11,36756447,Sushma Mishra,https://www.semanticscholar.org/author/36756447,4
170,10.1007/978-3-319-98298-4_11,144878381,Monica Chaudhari,https://www.semanticscholar.org/author/144878381,5
171,10.1007/978-3-319-98298-4_11,34845207,Mureen Allen,https://www.semanticscholar.org/author/34845207,6
172,10.1007/978-3-319-17272-9_9,2321457,E. Kalenderian,https://www.semanticscholar.org/author/2321457,1
173,10.1007/978-3-319-17272-9_9,2440689,M. Walji,https://www.semanticscholar.org/author/2440689,2
174,10.1007/978-3-319-17272-9_9,1820831,R. Ramoni,https://www.semanticscholar.org/author/1820831,3
175,10.1016/J.IJMEDINF.2019.04.007,6188571,K. Wanyonyi,https://www.semanticscholar.org/author/6188571,1
176,10.1016/J.IJMEDINF.2019.04.007,152251928,D. Radford,https://www.semanticscholar.org/author/152251928,2
177,10.1016/J.IJMEDINF.2019.04.007,1936386,J. Gallagher,https://www.semanticscholar.org/author/1936386,3
178,10.1111/idh.12232,121118386,S. J. Daniel,https://www.semanticscholar.org/author/121118386,1
179,10.1111/idh.12232,46574632,S. Kumar,https://www.semanticscholar.org/author/46574632,2
180,10.1016/j.ijmedinf.2017.08.007,29896777,Yusof Haji Sidek,https://www.semanticscholar.org/author/29896777,1
181,10.1016/j.ijmedinf.2017.08.007,3140051,J. Martins,https://www.semanticscholar.org/author/3140051,2
182,10.1016/j.ijmedinf.2013.06.007,145748523,A. Acharya,https://www.semanticscholar.org/author/145748523,1
183,10.1016/j.ijmedinf.2013.06.007,2054869325,Pedro Hernández,https://www.semanticscholar.org/author/2054869325,2
184,10.1016/j.ijmedinf.2013.06.007,3241935,T. Thyvalikakath,https://www.semanticscholar.org/author/3241935,3
185,10.1016/j.ijmedinf.2013.06.007,3294249,Harold Ye,https://www.semanticscholar.org/author/3294249,4
186,10.1016/j.ijmedinf.2013.06.007,49540981,Mei Song,https://www.semanticscholar.org/author/49540981,5
187,10.1016/j.ijmedinf.2013.06.007,2096080165,T. Schleyer,https://www.semanticscholar.org/author/2096080165,6
188,10.1016/j.ijmedinf.2009.04.004,2807349,T. Käkilehto,https://www.semanticscholar.org/author/2807349,1
189,10.1016/j.ijmedinf.2009.04.004,40563671,S. Salo,https://www.semanticscholar.org/author/40563671,2
190,10.1016/j.ijmedinf.2009.04.004,2329325,M. Larmas,https://www.semanticscholar.org/author/2329325,3
191,10.1016/j.ijmedinf.2008.07.003,2152179550,Jian Hu,https://www.semanticscholar.org/author/2152179550,1
192,10.1016/j.ijmedinf.2008.07.003,144055620,E. Luo,https://www.semanticscholar.org/author/144055620,2
193,10.1016/j.ijmedinf.2008.07.003,2055710021,Enmin Song,https://www.semanticscholar.org/author/2055710021,3
194,10.1016/j.ijmedinf.2008.07.003,2119022838,Xiangyang Xu,https://www.semanticscholar.org/author/2119022838,4
195,10.1016/j.ijmedinf.2008.07.003,12351715,Hongbao Tan,https://www.semanticscholar.org/author/12351715,5
196,10.1016/j.ijmedinf.2008.07.003,2109918083,Yi Zhao,https://www.semanticscholar.org/author/2109918083,6
197,10.1016/j.ijmedinf.2008.07.003,2143376018,Yining Wang,https://www.semanticscholar.org/author/2143376018,7
198,10.1016/j.ijmedinf.2008.07.003,2109822295,Zhiyong Li,https://www.semanticscholar.org/author/2109822295,8
199,10.1177/2380084419892550,39144171,M. Walji,https://www.semanticscholar.org/author/39144171,1
200,10.1177/2380084419892550,5356879,A. Yansane,https://www.semanticscholar.org/author/5356879,2
201,10.1177/2380084419892550,11966314,N. Hebballi,https://www.semanticscholar.org/author/11966314,3
202,10.1177/2380084419892550,1435270492,A. Ibarra-Noriega,https://www.semanticscholar.org/author/1435270492,4
203,10.1177/2380084419892550,1908987,K. Kookal,https://www.semanticscholar.org/author/1908987,5
204,10.1177/2380084419892550,88039198,S. Tungare,https://www.semanticscholar.org/author/88039198,6
205,10.1177/2380084419892550,145698971,K. Kent,https://www.semanticscholar.org/author/145698971,7
206,10.1177/2380084419892550,115343821,R. McPharlin,https://www.semanticscholar.org/author/115343821,8
207,10.1177/2380084419892550,2245884,V. Delattre,https://www.semanticscholar.org/author/2245884,9
208,10.1177/2380084419892550,1435130219,E. Obadan-Udoh,https://www.semanticscholar.org/author/1435130219,10
209,10.1177/2380084419892550,2991322,O. Tokede,https://www.semanticscholar.org/author/2991322,11
210,10.1177/2380084419892550,2107838440,J. White,https://www.semanticscholar.org/author/2107838440,12
211,10.1177/2380084419892550,2321457,E. Kalenderian,https://www.semanticscholar.org/author/2321457,13
212,10.2196/13008,46572684,S. Levitin,https://www.semanticscholar.org/author/46572684,1
213,10.2196/13008,34892433,J. Grbic,https://www.semanticscholar.org/author/34892433,2
214,10.2196/13008,145954113,J. Finkelstein,https://www.semanticscholar.org/author/145954113,3
215,10.1136/amiajnl-2013-002230,2440689,M. Walji,https://www.semanticscholar.org/author/2440689,1
216,10.1136/amiajnl-2013-002230,2321457,E. Kalenderian,https://www.semanticscholar.org/author/2321457,2
217,10.1136/amiajnl-2013-002230,2248152,P. Stark,https://www.semanticscholar.org/author/2248152,3
218,10.1136/amiajnl-2013-002230,153272081,Joel M. White,https://www.semanticscholar.org/author/153272081,4
219,10.1136/amiajnl-2013-002230,1820831,R. Ramoni,https://www.semanticscholar.org/author/1820831,5
220,10.1186/s13326-020-00222-0,1508927034,William D. Duncan,https://www.semanticscholar.org/author/1508927034,1
221,10.1186/s13326-020-00222-0,3241935,T. Thyvalikakath,https://www.semanticscholar.org/author/3241935,2
222,10.1186/s13326-020-00222-0,1976792,M. Haendel,https://www.semanticscholar.org/author/1976792,3
223,10.1186/s13326-020-00222-0,2277925,C. Torniai,https://www.semanticscholar.org/author/2277925,4
224,10.1186/s13326-020-00222-0,2054869325,Pedro Hernández,https://www.semanticscholar.org/author/2054869325,5
225,10.1186/s13326-020-00222-0,49540981,Mei Song,https://www.semanticscholar.org/author/49540981,6
226,10.1186/s13326-020-00222-0,145748523,A. Acharya,https://www.semanticscholar.org/author/145748523,7
227,10.1186/s13326-020-00222-0,4054397,D. Caplan,https://www.semanticscholar.org/author/4054397,8
228,10.1186/s13326-020-00222-0,144301516,T. Schleyer,https://www.semanticscholar.org/author/144301516,9
229,10.1186/s13326-020-00222-0,1759208,A. Ruttenberg,https://www.semanticscholar.org/author/1759208,10
230,10.7860/JCDR/2016/16970.7453,5526557,K. Chhabra,https://www.semanticscholar.org/author/5526557,1
231,10.7860/JCDR/2016/16970.7453,35838231,Salma H Mulla,https://www.semanticscholar.org/author/35838231,2
232,10.7860/JCDR/2016/16970.7453,5956181,S. Deolia,https://www.semanticscholar.org/author/5956181,3
233,10.7860/JCDR/2016/16970.7453,6574522,Chaya Chhabra,https://www.semanticscholar.org/author/6574522,4
234,10.7860/JCDR/2016/16970.7453,2112713293,Jagjeet Singh,https://www.semanticscholar.org/author/2112713293,5
235,10.7860/JCDR/2016/16970.7453,14552797,Baldeep Singh Marwaha,https://www.semanticscholar.org/author/14552797,6
236,10.1002/J.0022-0337.2005.69.3.TB03927.X,4747337,L. Rajab,https://www.semanticscholar.org/author/4747337,1
237,10.1002/J.0022-0337.2005.69.3.TB03927.X,5807556,Z. Baqain,https://www.semanticscholar.org/author/5807556,2
238,10.21815/JDE.019.089,32110225,L. Johnson,https://www.semanticscholar.org/author/32110225,1
239,10.21815/JDE.019.089,105026111,C. Callaghan,https://www.semanticscholar.org/author/105026111,2
240,10.21815/JDE.019.089,147411019,M. Balasubramanian,https://www.semanticscholar.org/author/147411019,3
241,10.21815/JDE.019.089,104950364,Haris Haq,https://www.semanticscholar.org/author/104950364,4
242,10.21815/JDE.019.089,2916447,H. Spallek,https://www.semanticscholar.org/author/2916447,5
243,10.21815/JDE.018.135,6393593,M. Scarbecz,https://www.semanticscholar.org/author/6393593,1
244,10.21815/JDE.018.135,39044232,E. Deschepper,https://www.semanticscholar.org/author/39044232,2
245,10.1002/J.0022-0337.2012.76.1.TB05241.X,2169003,T. Schleyer,https://www.semanticscholar.org/author/2169003,1
246,10.1002/J.0022-0337.2012.76.1.TB05241.X,3241935,T. Thyvalikakath,https://www.semanticscholar.org/author/3241935,2
247,10.1002/J.0022-0337.2012.76.1.TB05241.X,2916447,H. Spallek,https://www.semanticscholar.org/author/2916447,3
248,10.1002/J.0022-0337.2012.76.1.TB05241.X,2756951,Michael P. Dziabiak,https://www.semanticscholar.org/author/2756951,4
249,10.1002/J.0022-0337.2012.76.1.TB05241.X,32110225,L. Johnson,https://www.semanticscholar.org/author/32110225,5
250,10.1002/J.0022-0337.2011.75.5.TB05086.X,153272081,Joel M. White,https://www.semanticscholar.org/author/153272081,1
251,10.1002/J.0022-0337.2011.75.5.TB05086.X,2321457,E. Kalenderian,https://www.semanticscholar.org/author/2321457,2
252,10.1002/J.0022-0337.2011.75.5.TB05086.X,2248152,P. Stark,https://www.semanticscholar.org/author/2248152,3
253,10.1002/J.0022-0337.2011.75.5.TB05086.X,2089078277,Rachel L Ramoni,https://www.semanticscholar.org/author/2089078277,4
254,10.1002/J.0022-0337.2011.75.5.TB05086.X,3337816,R. Vaderhobli,https://www.semanticscholar.org/author/3337816,5
255,10.1002/J.0022-0337.2011.75.5.TB05086.X,2440689,M. Walji,https://www.semanticscholar.org/author/2440689,6
256,10.1002/J.0022-0337.2002.66.5.TB03542.X,2057719122,J. C. Atkinson,https://www.semanticscholar.org/author/2057719122,1
257,10.1002/J.0022-0337.2002.66.5.TB03542.X,40653047,G. G. Zeller,https://www.semanticscholar.org/author/40653047,2
258,10.1002/J.0022-0337.2002.66.5.TB03542.X,47362187,C. Shah,https://www.semanticscholar.org/author/47362187,3
259,10.1177/154405910208100902,144487364,A. Wenzel,https://www.semanticscholar.org/author/144487364,1
260,10.1177/0022034513487560,2107646575,K. Liu,https://www.semanticscholar.org/author/2107646575,1
261,10.1177/0022034513487560,145748523,A. Acharya,https://www.semanticscholar.org/author/145748523,2
262,10.1177/0022034513487560,152370285,S. Alai,https://www.semanticscholar.org/author/152370285,3
263,10.1177/0022034513487560,144301516,T. Schleyer,https://www.semanticscholar.org/author/144301516,4
264,10.1016/j.jebdp.2013.12.002,145628930,R. Lam,https://www.semanticscholar.org/author/145628930,1
265,10.1016/j.jebdp.2013.12.002,145827379,E. Kruger,https://www.semanticscholar.org/author/145827379,2
266,10.1016/j.jebdp.2013.12.002,1960165,M. Tennant,https://www.semanticscholar.org/author/1960165,3
267,10.14236/JHI.V15I1.641,35010290,K. Mendis,https://www.semanticscholar.org/author/35010290,1
268,10.1007/s10916-006-9013-4,2144151719,Min Wu,https://www.semanticscholar.org/author/2144151719,1
269,10.2196/jmir.3343,11412386,P. Antoniou,https://www.semanticscholar.org/author/11412386,1
270,10.2196/jmir.3343,1858530,C. Athanasopoulou,https://www.semanticscholar.org/author/1858530,2
271,10.2196/jmir.3343,3170936,Eleni L. Dafli,https://www.semanticscholar.org/author/3170936,3
272,10.2196/jmir.3343,1718645,P. Bamidis,https://www.semanticscholar.org/author/1718645,4
273,10.2196/18652,2143831896,Ye Lin,https://www.semanticscholar.org/author/2143831896,1
274,10.2196/18652,2107102478,Y. A. Hong,https://www.semanticscholar.org/author/2107102478,2
275,10.2196/18652,49822566,Bradley S Henson,https://www.semanticscholar.org/author/49822566,3
276,10.2196/18652,35167270,R. Stevenson,https://www.semanticscholar.org/author/35167270,4
277,10.2196/18652,2111138936,Simon Hong,https://www.semanticscholar.org/author/2111138936,5
278,10.2196/18652,39094807,T. Lyu,https://www.semanticscholar.org/author/39094807,6
279,10.2196/18652,2113439050,Chen Liang,https://www.semanticscholar.org/author/2113439050,7
280,10.4103/0973-029X.185939,4431579,D. Erlewad,https://www.semanticscholar.org/author/4431579,1
281,10.4103/0973-029X.185939,3537074,K. A. Mundhe,https://www.semanticscholar.org/author/3537074,2
282,10.4103/0973-029X.185939,6591432,V. Hazarey,https://www.semanticscholar.org/author/6591432,3
283,10.1111/joor.12655,74294086,Y. Nam,https://www.semanticscholar.org/author/74294086,1
284,10.1111/joor.12655,2109539967,H-G Kim,https://www.semanticscholar.org/author/2109539967,2
285,10.1111/joor.12655,144515017,H. Kho,https://www.semanticscholar.org/author/144515017,3
286,10.1111/jphd.12354,145954113,J. Finkelstein,https://www.semanticscholar.org/author/145954113,1
287,10.1111/jphd.12354,2109244698,Frederick Zhang,https://www.semanticscholar.org/author/2109244698,2
288,10.1111/jphd.12354,46572684,S. Levitin,https://www.semanticscholar.org/author/46572684,3
289,10.1111/jphd.12354,5896960,D. Cappelli,https://www.semanticscholar.org/author/5896960,4
290,10.14219/JADA.ARCHIVE.2004.0120,2169003,T. Schleyer,https://www.semanticscholar.org/author/2169003,1
291,10.14219/JADA.ARCHIVE.2013.0013,2169003,T. Schleyer,https://www.semanticscholar.org/author/2169003,1
292,10.14219/JADA.ARCHIVE.2013.0013,49540981,Mei Song,https://www.semanticscholar.org/author/49540981,2
293,10.14219/JADA.ARCHIVE.2013.0013,144526619,G. Gilbert,https://www.semanticscholar.org/author/144526619,3
294,10.14219/JADA.ARCHIVE.2013.0013,3745773,D. Rindal,https://www.semanticscholar.org/author/3745773,4
295,10.14219/JADA.ARCHIVE.2013.0013,2255849,J. Fellows,https://www.semanticscholar.org/author/2255849,5
296,10.14219/JADA.ARCHIVE.2013.0013,6636345,V. Gordan,https://www.semanticscholar.org/author/6636345,6
297,10.14219/JADA.ARCHIVE.2013.0013,3265852,E. Funkhouser,https://www.semanticscholar.org/author/3265852,7
298,10.14219/JADA.ARCHIVE.2011.0082,2773970,J. Fricton,https://www.semanticscholar.org/author/2773970,1
299,10.14219/JADA.ARCHIVE.2011.0082,3745773,D. Rindal,https://www.semanticscholar.org/author/3745773,2
300,10.14219/JADA.ARCHIVE.2011.0082,2520859,W. Rush,https://www.semanticscholar.org/author/2520859,3
301,10.14219/JADA.ARCHIVE.2011.0082,5392840,T. Flottemesch,https://www.semanticscholar.org/author/5392840,4
302,10.14219/JADA.ARCHIVE.2011.0082,2626743,Gabriela Vazquez,https://www.semanticscholar.org/author/2626743,5
303,10.14219/JADA.ARCHIVE.2011.0082,14599773,M. J. Thoele,https://www.semanticscholar.org/author/14599773,6
304,10.14219/JADA.ARCHIVE.2011.0082,2073109243,Emily Durand,https://www.semanticscholar.org/author/2073109243,7
305,10.14219/JADA.ARCHIVE.2011.0082,4810540,Chris Enstad,https://www.semanticscholar.org/author/4810540,8
306,10.14219/JADA.ARCHIVE.2011.0082,152666575,N. Rhodus,https://www.semanticscholar.org/author/152666575,9
307,10.14219/JADA.ARCHIVE.2008.0105,3241935,T. Thyvalikakath,https://www.semanticscholar.org/author/3241935,1
308,10.14219/JADA.ARCHIVE.2008.0105,40222961,V. Monaco,https://www.semanticscholar.org/author/40222961,2
309,10.14219/JADA.ARCHIVE.2008.0105,16340911,Himabindu Thambuganipalle,https://www.semanticscholar.org/author/16340911,3
310,10.14219/JADA.ARCHIVE.2008.0105,2169003,T. Schleyer,https://www.semanticscholar.org/author/2169003,4
311,10.14219/JADA.ARCHIVE.2001.0237,2169003,T. Schleyer,https://www.semanticscholar.org/author/2169003,1
312,10.14219/JADA.ARCHIVE.2001.0237,2916447,H. Spallek,https://www.semanticscholar.org/author/2916447,2
313,10.1016/j.adaj.2017.04.017,49302849,A. Neumann,https://www.semanticscholar.org/author/49302849,1
314,10.1016/j.adaj.2017.04.017,2321457,E. Kalenderian,https://www.semanticscholar.org/author/2321457,2
315,10.1016/j.adaj.2017.04.017,1820831,R. Ramoni,https://www.semanticscholar.org/author/1820831,3
316,10.1016/j.adaj.2017.04.017,5356879,A. Yansane,https://www.semanticscholar.org/author/5356879,4
317,10.1016/j.adaj.2017.04.017,6893436,Bunmi Tokede,https://www.semanticscholar.org/author/6893436,5
318,10.1016/j.adaj.2017.04.017,7332809,J. Etolue,https://www.semanticscholar.org/author/7332809,6
319,10.1016/j.adaj.2017.04.017,3337816,R. Vaderhobli,https://www.semanticscholar.org/author/3337816,7
320,10.1016/j.adaj.2017.04.017,40428250,K. Simmons,https://www.semanticscholar.org/author/40428250,8
321,10.1016/j.adaj.2017.04.017,13161693,Joshua B Even,https://www.semanticscholar.org/author/13161693,9
322,10.1016/j.adaj.2017.04.017,143703060,J. Mullins,https://www.semanticscholar.org/author/143703060,10
323,10.1016/j.adaj.2017.04.017,152663329,Shwetha V. Kumar,https://www.semanticscholar.org/author/152663329,11
324,10.1016/j.adaj.2017.04.017,17838699,S. Bangar,https://www.semanticscholar.org/author/17838699,12
325,10.1016/j.adaj.2017.04.017,1908987,K. Kookal,https://www.semanticscholar.org/author/1908987,13
326,10.1016/j.adaj.2017.04.017,153272081,Joel M. White,https://www.semanticscholar.org/author/153272081,14
327,10.1016/j.adaj.2017.04.017,2440689,M. Walji,https://www.semanticscholar.org/author/2440689,15
328,10.1016/j.adaj.2015.06.023,14461305,A. Bhardwaj,https://www.semanticscholar.org/author/14461305,1
329,10.1016/j.adaj.2015.06.023,1820831,R. Ramoni,https://www.semanticscholar.org/author/1820831,2
330,10.1016/j.adaj.2015.06.023,2321457,E. Kalenderian,https://www.semanticscholar.org/author/2321457,3
331,10.1016/j.adaj.2015.06.023,49302849,A. Neumann,https://www.semanticscholar.org/author/49302849,4
332,10.1016/j.adaj.2015.06.023,11966314,N. Hebballi,https://www.semanticscholar.org/author/11966314,5
333,10.1016/j.adaj.2015.06.023,153272081,Joel M. White,https://www.semanticscholar.org/author/153272081,6
334,10.1016/j.adaj.2015.06.023,120004583,L. McClellan,https://www.semanticscholar.org/author/120004583,7
335,10.1016/j.adaj.2015.06.023,2440689,M. Walji,https://www.semanticscholar.org/author/2440689,8
336,10.14219/JADA.ARCHIVE.2013.0229,2251967,Onur Asan,https://www.semanticscholar.org/author/2251967,1
337,10.14219/JADA.ARCHIVE.2013.0229,2114132714,Zhan Ye,https://www.semanticscholar.org/author/2114132714,2
338,10.14219/JADA.ARCHIVE.2013.0229,145748523,A. Acharya,https://www.semanticscholar.org/author/145748523,3
339,10.1197/jamia.M2488,2235083,E. V. Mulligen,https://www.semanticscholar.org/author/2235083,1
340,10.1197/jamia.M2488,12416362,M. Cases,https://www.semanticscholar.org/author/12416362,2
341,10.1197/jamia.M2488,1835060,K. Hettne,https://www.semanticscholar.org/author/1835060,3
342,10.1197/jamia.M2488,3313769,Eva Molero,https://www.semanticscholar.org/author/3313769,4
343,10.1197/jamia.M2488,2530247,M. Weeber,https://www.semanticscholar.org/author/2530247,5
344,10.1197/jamia.M2488,34750396,K. Robertson,https://www.semanticscholar.org/author/34750396,6
345,10.1197/jamia.M2488,144785655,B. Oliva,https://www.semanticscholar.org/author/144785655,7
346,10.1197/jamia.M2488,3245050,G. D. L. Calle,https://www.semanticscholar.org/author/3245050,8
347,10.1197/jamia.M2488,1703526,V. Maojo,https://www.semanticscholar.org/author/1703526,9
348,10.1197/jamia.M2335,144301516,T. Schleyer,https://www.semanticscholar.org/author/144301516,1
349,10.1197/jamia.M2335,2916447,H. Spallek,https://www.semanticscholar.org/author/2916447,2
350,10.1197/jamia.M2335,2054869325,Pedro Hernández,https://www.semanticscholar.org/author/2054869325,3
351,10.1197/jamia.M2827,2152179550,Jian Hu,https://www.semanticscholar.org/author/2152179550,1
352,10.1197/jamia.M2827,2110750024,Hao Yu,https://www.semanticscholar.org/author/2110750024,2
353,10.1197/jamia.M2827,144055620,E. Luo,https://www.semanticscholar.org/author/144055620,3
354,10.1197/jamia.M2827,2055710021,Enmin Song,https://www.semanticscholar.org/author/2055710021,4
355,10.1197/jamia.M2827,2119022838,Xiangyang Xu,https://www.semanticscholar.org/author/2119022838,5
356,10.1197/jamia.M2827,12351715,Hongbao Tan,https://www.semanticscholar.org/author/12351715,6
357,10.1197/jamia.M2827,2143376018,Yining Wang,https://www.semanticscholar.org/author/2143376018,7
358,10.4103/0973-029X.92979,4705941,Sasidhar Singaraju,https://www.semanticscholar.org/author/4705941,1
359,10.4103/0973-029X.92979,2099407066,H. Prasad.,https://www.semanticscholar.org/author/2099407066,2
360,10.4103/0973-029X.92979,3723853,Medhini Singaraju,https://www.semanticscholar.org/author/3723853,3
361,10.3233/SHTI190703,32311589,Sarah Alradhi,https://www.semanticscholar.org/author/32311589,1
362,10.3233/SHTI190703,39057934,A. Albarrak,https://www.semanticscholar.org/author/39057934,2
363,10.3233/SHTI190703,152114446,M. Alghamdi,https://www.semanticscholar.org/author/152114446,3
364,10.3233/978-1-61499-289-9-1006,1432020123,Renata Abramovicz-Finkelsztain,https://www.semanticscholar.org/author/1432020123,1
365,10.3233/978-1-61499-289-9-1006,2102610,Claudia Barsottini,https://www.semanticscholar.org/author/2102610,2
366,10.3233/978-1-61499-289-9-1006,1720211,H. Marin,https://www.semanticscholar.org/author/1720211,3
367,10.1055/s-0039-1681088,49111647,J. Patel,https://www.semanticscholar.org/author/49111647,1
368,10.1055/s-0039-1681088,11063249,Z. Siddiqui,https://www.semanticscholar.org/author/11063249,2
369,10.1055/s-0039-1681088,143941177,A. Krishnan,https://www.semanticscholar.org/author/143941177,3
370,10.1055/s-0039-1681088,3241935,T. Thyvalikakath,https://www.semanticscholar.org/author/3241935,4
371,10.5210/ojphi.v11i2.10131,1397301541,S. Swanik,https://www.semanticscholar.org/author/1397301541,1
372,10.1111/j.1601-0825.2011.01794.x,2169003,T. Schleyer,https://www.semanticscholar.org/author/2169003,1
373,10.1111/j.1601-0825.2011.01794.x,2810923,U. Mattsson,https://www.semanticscholar.org/author/2810923,2
374,10.1111/j.1601-0825.2011.01794.x,47278962,R. Ní Ríordáin,https://www.semanticscholar.org/author/47278962,3
375,10.1111/j.1601-0825.2011.01794.x,4980627,V. Brailo,https://www.semanticscholar.org/author/4980627,4
376,10.1111/j.1601-0825.2011.01794.x,144184534,M. Glick,https://www.semanticscholar.org/author/144184534,5
377,10.1111/j.1601-0825.2011.01794.x,1659131986,R. B. Zain,https://www.semanticscholar.org/author/1659131986,6
378,10.1111/j.1601-0825.2011.01794.x,3014967,M. Jontell,https://www.semanticscholar.org/author/3014967,7
379,10.1371/journal.pone.0067862,2144239870,S. Kim,https://www.semanticscholar.org/author/2144239870,1
380,10.1371/journal.pone.0067862,2119171691,J. W. Lee,https://www.semanticscholar.org/author/2119171691,2
381,10.1371/journal.pone.0067862,2109771269,S. Kim,https://www.semanticscholar.org/author/2109771269,3
382,10.1371/journal.pone.0067862,153619362,Deok-Won Lee,https://www.semanticscholar.org/author/153619362,4
383,10.1159/000501643,13073412,T. Joda,https://www.semanticscholar.org/author/13073412,1
384,10.1159/000501643,6306017,T. Waltimo,https://www.semanticscholar.org/author/6306017,2
385,10.1159/000501643,1382024488,N. Probst-Hensch,https://www.semanticscholar.org/author/1382024488,3
386,10.1159/000501643,1422479531,C. Pauli-Magnus,https://www.semanticscholar.org/author/1422479531,4
387,10.1159/000501643,4683137,N. Zitzmann,https://www.semanticscholar.org/author/4683137,5
388,10.3233/978-1-61499-830-3-1290,2118462670,Yue Wang,https://www.semanticscholar.org/author/2118462670,1
389,10.3233/978-1-61499-830-3-1290,11063249,Z. Siddiqui,https://www.semanticscholar.org/author/11063249,2
390,10.3233/978-1-61499-830-3-1290,143941177,A. Krishnan,https://www.semanticscholar.org/author/143941177,3
391,10.3233/978-1-61499-830-3-1290,1405996348,Jay S. Patel,https://www.semanticscholar.org/author/1405996348,4
392,10.3233/978-1-61499-830-3-1290,3241935,T. Thyvalikakath,https://www.semanticscholar.org/author/3241935,5
393,10.3233/978-1-61499-289-9-932,2485418,Yosananda Chantravekin,https://www.semanticscholar.org/author/2485418,1
394,10.3233/978-1-61499-289-9-932,2721439,Munchulika Tasananutree,https://www.semanticscholar.org/author/2721439,2
395,10.3233/978-1-61499-289-9-932,2343115,Supitcha Santaphongse,https://www.semanticscholar.org/author/2343115,3
396,10.3233/978-1-61499-289-9-932,2763400,Anchisa Aittiwarapoj,https://www.semanticscholar.org/author/2763400,4
397,10.1016/j.jebdp.2016.07.001,2991322,O. Tokede,https://www.semanticscholar.org/author/2991322,1
398,10.1016/j.jebdp.2016.07.001,1820831,R. Ramoni,https://www.semanticscholar.org/author/1820831,2
399,10.1016/j.jebdp.2016.07.001,40949432,M. Patton,https://www.semanticscholar.org/author/40949432,3
400,10.1016/j.jebdp.2016.07.001,7174139,J. D. Da Silva,https://www.semanticscholar.org/author/7174139,4
401,10.1016/j.jebdp.2016.07.001,2321457,E. Kalenderian,https://www.semanticscholar.org/author/2321457,5
402,10.1016/J.JEBDP.2006.12.016,143962694,M. Newman,https://www.semanticscholar.org/author/143962694,1
403,10.1016/j.adaj.2017.01.026,145748523,A. Acharya,https://www.semanticscholar.org/author/145748523,1
404,10.1016/j.adaj.2017.01.026,2374367,Neel A. Shimpi,https://www.semanticscholar.org/author/2374367,2
405,10.1016/j.adaj.2017.01.026,3107511,Andrea N Mahnke,https://www.semanticscholar.org/author/3107511,3
406,10.1016/j.adaj.2017.01.026,31681969,R. Mathias,https://www.semanticscholar.org/author/31681969,4
407,10.1016/j.adaj.2017.01.026,2114132714,Zhan Ye,https://www.semanticscholar.org/author/2114132714,5
408,10.14219/JADA.ARCHIVE.2003.0164,2115629350,Jung-Wei Chen,https://www.semanticscholar.org/author/2115629350,1
409,10.14219/JADA.ARCHIVE.2003.0164,2074997684,M. Hobdell,https://www.semanticscholar.org/author/2074997684,2
410,10.14219/JADA.ARCHIVE.2003.0164,144852680,K. Dunn,https://www.semanticscholar.org/author/144852680,3
411,10.14219/JADA.ARCHIVE.2003.0164,49808213,Kathy A. Johnson,https://www.semanticscholar.org/author/49808213,4
412,10.14219/JADA.ARCHIVE.2003.0164,50561899,Jiajie Zhang,https://www.semanticscholar.org/author/50561899,5
413,10.1016/J.AJODO.2006.07.024,13470720,A. Magni,https://www.semanticscholar.org/author/13470720,1
414,10.1016/J.AJODO.2006.07.024,9221962,R. de Oliveira Albuquerque,https://www.semanticscholar.org/author/9221962,2
415,10.1016/J.AJODO.2006.07.024,31565627,R. D. de Sousa,https://www.semanticscholar.org/author/31565627,3
416,10.1016/J.AJODO.2006.07.024,39607972,M. Hans,https://www.semanticscholar.org/author/39607972,4
417,10.1016/J.AJODO.2006.07.024,2083702182,Franco G. Magni,https://www.semanticscholar.org/author/2083702182,5
