J. C. Atkinson,G. G. Zeller,C. Shah,,,,,,,,,,,,,,,,,,,,,,,
L. Rajab,Z. Baqain,,,,,,,,,,,,,,,,,,,,,,,,
Joel M. White,E. Kalenderian,P. Stark,Rachel L Ramoni,R. Vaderhobli,M. Walji,,,,,,,,,,,,,,,,,,,,
T. Schleyer,T. Thyvalikakath,H. Spallek,Michael P. Dziabiak,L. Johnson,,,,,,,,,,,,,,,,,,,,,
E. Kalenderian,M. Walji,R. Ramoni,,,,,,,,,,,,,,,,,,,,,,,
M. Torres-Urquidy,V. J. H. Powell,S. Geist,Sushma Mishra,Monica Chaudhari,Mureen Allen,,,,,,,,,,,,,,,,,,,,
Min Wu,,,,,,,,,,,,,,,,,,,,,,,,,
W. Harrell,S. Stanford,Paul Bralower,,,,,,,,,,,,,,,,,,,,,,,
M Mupparapu,,,,,,,,,,,,,,,,,,,,,,,,,
A. Magni,R. de Oliveira Albuquerque,R. D. de Sousa,M. Hans,Franco G. Magni,,,,,,,,,,,,,,,,,,,,,
K. Wanyonyi,D. Radford,J. Gallagher,,,,,,,,,,,,,,,,,,,,,,,
M. Newman,,,,,,,,,,,,,,,,,,,,,,,,,
H. Spallek,,,,,,,,,,,,,,,,,,,,,,,,,
A. Bhardwaj,R. Ramoni,E. Kalenderian,A. Neumann,N. Hebballi,Joel M. White,L. McClellan,M. Walji,,,,,,,,,,,,,,,,,,
A. Acharya,Neel A. Shimpi,Andrea N Mahnke,R. Mathias,Zhan Ye,,,,,,,,,,,,,,,,,,,,,
A. Neumann,E. Kalenderian,R. Ramoni,A. Yansane,Bunmi Tokede,J. Etolue,R. Vaderhobli,K. Simmons,Joshua B Even,J. Mullins,Shwetha V. Kumar,S. Bangar,K. Kookal,Joel M. White,M. Walji,,,,,,,,,,,
J. Fricton,Hong Chen,,,,,,,,,,,,,,,,,,,,,,,,
Jian Hu,E. Luo,Enmin Song,Xiangyang Xu,Hongbao Tan,Yi Zhao,Yining Wang,Zhiyong Li,,,,,,,,,,,,,,,,,,
T. Käkilehto,S. Salo,M. Larmas,,,,,,,,,,,,,,,,,,,,,,,
A. Acharya,Pedro Hernández,T. Thyvalikakath,Harold Ye,Mei Song,T. Schleyer,,,,,,,,,,,,,,,,,,,,
Yusof Haji Sidek,J. Martins,,,,,,,,,,,,,,,,,,,,,,,,
R. Lam,E. Kruger,M. Tennant,,,,,,,,,,,,,,,,,,,,,,,
O. Tokede,R. Ramoni,M. Patton,J. D. Da Silva,E. Kalenderian,,,,,,,,,,,,,,,,,,,,,
P. Reynolds,J. Harper,A. Jenner,S. Dunne,,,,,,,,,,,,,,,,,,,,,,
P. Reynolds,J. Harper,S. Dunne,,,,,,,,,,,,,,,,,,,,,,,
N. Knott,,,,,,,,,,,,,,,,,,,,,,,,,
Zain Chauhan,M. Samarah,K. Unertl,Martha Jones,,,,,,,,,,,,,,,,,,,,,,
E. Kalenderian,E. Obadan-Udoh,A. Yansane,K. Kent,N. Hebballi,V. Delattre,K. Kumar,O. Tokede,Joel M. White,M. Walji,,,,,,,,,,,,,,,,
J. Patel,Z. Siddiqui,A. Krishnan,T. Thyvalikakath,,,,,,,,,,,,,,,,,,,,,,
L. Simon,E. Obadan-Udoh,A. Yansane,A. Gharpure,Steven Licht,J. Calvo,J. Deschner,A. Damanaki,B. Hackenberg,M. Walji,H. Spallek,E. Kalenderian,,,,,,,,,,,,,,
T. Thyvalikakath,William D. Duncan,Z. Siddiqui,M. LaPradd,G. Eckert,T. Schleyer,D. Rindal,M. Jurkovich,Tracy L Shea,G. Gilbert,,,,,,,,,,,,,,,,
P. Nieminen,J. Virtanen,,,,,,,,,,,,,,,,,,,,,,,,
S. J. Daniel,S. Kumar,,,,,,,,,,,,,,,,,,,,,,,,
N. Mattheos,N. Stefanovic,P. Apse,R. Attstrom,J. Buchanan,P. Brown,A. Camilleri,R. Care,E. Fabrikant,S. Gundersen,S. Honkala,L. Johnson,I. Jonas,A. Kavadella,J. Moreira,I. Peroz,D. Perryer,R. Seemann,M. Tansy,H. F. Thomas,J. Tsuruta,S. Uribe,I. Urtne,T. F. Walsh,J. Zimmerman,A. Walmsley
P. Ford,N. Foxlee,W. Green,,,,,,,,,,,,,,,,,,,,,,,
T. Schleyer,U. Mattsson,R. Ní Ríordáin,V. Brailo,M. Glick,R. B. Zain,M. Jontell,,,,,,,,,,,,,,,,,,,
Y. Nam,H-G Kim,H. Kho,,,,,,,,,,,,,,,,,,,,,,,
J. Finkelstein,Frederick Zhang,S. Levitin,D. Cappelli,,,,,,,,,,,,,,,,,,,,,,
M. Walji,E. Kalenderian,P. Stark,Joel M. White,R. Ramoni,,,,,,,,,,,,,,,,,,,,,
J. S. St. Sauver,A. Carr,B. Yawn,B. R. Grossardt,Cynthia M Bock-Goodner,L. L. Klein,Joshua J. Pankratz,L. F. Finney Rutten,W. Rocca,,,,,,,,,,,,,,,,,
Michael F. Marotta,Purin Phanichphant,Pat Malatack,Tej Shah,Greg Price,T. Thyvalikakath,T. Schleyer,Jason I. Hong,,,,,,,,,,,,,,,,,,
J. Carvalho,P. Bottenberg,D. Declerck,J. van Nieuwenhuysen,J. Vanobbergen,M. Nyssen,,,,,,,,,,,,,,,,,,,,
Joel M. White,E. Mertz,J. Mullins,Joshua B Even,Trey Guy,E. Blaga,A. Kottek,Shwetha V. Kumar,S. Bangar,R. Vaderhobli,R. Brandon,W. Santo,L. Jenson,S. Gansky,,,,,,,,,,,,
T. Joda,T. Waltimo,N. Probst-Hensch,C. Pauli-Magnus,N. Zitzmann,,,,,,,,,,,,,,,,,,,,,
K. Liu,A. Acharya,S. Alai,T. Schleyer,,,,,,,,,,,,,,,,,,,,,,
Mansuang Wongsapai,S. Suebnukarn,S. Rajchagool,D. Beach,S. Kawaguchi,,,,,,,,,,,,,,,,,,,,,
A. Wenzel,,,,,,,,,,,,,,,,,,,,,,,,,
T. Schleyer,,,,,,,,,,,,,,,,,,,,,,,,,
T. Schleyer,,,,,,,,,,,,,,,,,,,,,,,,,
Dean F. Sittig,M. Kirshner,G. Maupomé,,,,,,,,,,,,,,,,,,,,,,,
L. Johnson,,,,,,,,,,,,,,,,,,,,,,,,,
K. Anusavice,,,,,,,,,,,,,,,,,,,,,,,,,
D. Rekow,,,,,,,,,,,,,,,,,,,,,,,,,
M. Kirshner,,,,,,,,,,,,,,,,,,,,,,,,,
W. Kuo,,,,,,,,,,,,,,,,,,,,,,,,,
M. Walji,A. Yansane,N. Hebballi,A. Ibarra-Noriega,K. Kookal,S. Tungare,K. Kent,R. McPharlin,V. Delattre,E. Obadan-Udoh,O. Tokede,J. White,E. Kalenderian,,,,,,,,,,,,,
Mei Song,H. Spallek,D. Polk,T. Schleyer,Teena Wali,,,,,,,,,,,,,,,,,,,,,
William D. Duncan,T. Thyvalikakath,M. Haendel,C. Torniai,Pedro Hernández,Mei Song,A. Acharya,D. Caplan,T. Schleyer,A. Ruttenberg,,,,,,,,,,,,,,,,
T. Schleyer,H. Spallek,Pedro Hernández,,,,,,,,,,,,,,,,,,,,,,,
E. V. Mulligen,M. Cases,K. Hettne,Eva Molero,M. Weeber,K. Robertson,B. Oliva,G. D. L. Calle,V. Maojo,,,,,,,,,,,,,,,,,
Jian Hu,Hao Yu,E. Luo,Enmin Song,Xiangyang Xu,Hongbao Tan,Yining Wang,,,,,,,,,,,,,,,,,,,
S. Kim,J. W. Lee,Deok-Won Lee,,,,,,,,,,,,,,,,,,,,,,,
T. Schleyer,H. Spallek,,,,,,,,,,,,,,,,,,,,,,,,
Jung-Wei Chen,M. Hobdell,K. Dunn,Kathy A. Johnson,Jiajie Zhang,,,,,,,,,,,,,,,,,,,,,
T. Schleyer,,,,,,,,,,,,,,,,,,,,,,,,,
T. Thyvalikakath,V. Monaco,Himabindu Thambuganipalle,T. Schleyer,,,,,,,,,,,,,,,,,,,,,,
J. Fricton,D. Rindal,W. Rush,T. Flottemesch,Gabriela Vazquez,M. J. Thoele,Emily Durand,Chris Enstad,N. Rhodus,,,,,,,,,,,,,,,,,
T. Schleyer,Mei Song,G. Gilbert,D. Rindal,J. Fellows,V. Gordan,E. Funkhouser,,,,,,,,,,,,,,,,,,,
Onur Asan,Zhan Ye,A. Acharya,,,,,,,,,,,,,,,,,,,,,,,
K. Mendis,,,,,,,,,,,,,,,,,,,,,,,,,
M. Scarbecz,E. Deschepper,,,,,,,,,,,,,,,,,,,,,,,,
L. Johnson,C. Callaghan,M. Balasubramanian,Haris Haq,H. Spallek,,,,,,,,,,,,,,,,,,,,,
S. Levitin,J. Grbic,J. Finkelstein,,,,,,,,,,,,,,,,,,,,,,,
Ye Lin,Y. A. Hong,Bradley S Henson,R. Stevenson,Simon Hong,T. Lyu,Chen Liang,,,,,,,,,,,,,,,,,,,
P. Antoniou,C. Athanasopoulou,Eleni L. Dafli,P. Bamidis,,,,,,,,,,,,,,,,,,,,,,
A. Acharya,D. Schroeder,K. Schwei,P. Chyou,,,,,,,,,,,,,,,,,,,,,,
Renata Abramovicz-Finkelsztain,Claudia Barsottini,H. Marin,,,,,,,,,,,,,,,,,,,,,,,
Yosananda Chantravekin,Munchulika Tasananutree,Supitcha Santaphongse,Anchisa Aittiwarapoj,,,,,,,,,,,,,,,,,,,,,,
A. Almaiman,Salwa Bahkali,A. Bahkali,S. Almaiman,A. Metwally,M. Househ,,,,,,,,,,,,,,,,,,,,
Yue Wang,Z. Siddiqui,A. Krishnan,Jay S. Patel,T. Thyvalikakath,,,,,,,,,,,,,,,,,,,,,
Sarah Alradhi,A. Albarrak,M. Alghamdi,,,,,,,,,,,,,,,,,,,,,,,
D. Erlewad,K. A. Mundhe,V. Hazarey,,,,,,,,,,,,,,,,,,,,,,,
Sasidhar Singaraju,H. Prasad.,Medhini Singaraju,,,,,,,,,,,,,,,,,,,,,,,
Vinod Jathanna,R. Jathanna,,,,,,,,,,,,,,,,,,,,,,,,
Sai Wai Yan Myint Thu,Boonchai Kijsanayotin,J. Kaewkungwal,N. Soonthornworasiri,W. Pan-ngum,,,,,,,,,,,,,,,,,,,,,
K. Schwei,R. Cooper,Andrea N Mahnke,Zhan Ye,A. Acharya,,,,,,,,,,,,,,,,,,,,,
S. Swanik,,,,,,,,,,,,,,,,,,,,,,,,,
Fedja Masic,,,,,,,,,,,,,,,,,,,,,,,,,
J. Irwin,T. Schleyer,H. Spallek,,,,,,,,,,,,,,,,,,,,,,,
K. Chhabra,Salma H Mulla,S. Deolia,Chaya Chhabra,Jagjeet Singh,Baldeep Singh Marwaha,,,,,,,,,,,,,,,,,,,,
Peter Q Shelley,Bradford R. Johnson,E. Begole,,,,,,,,,,,,,,,,,,,,,,,
H. Spallek,J. Irwin,T. Schleyer,B. Butler,P. M. Weiss,,,,,,,,,,,,,,,,,,,,,
M. Nagy,P. Hanzlícek,J. Zvárová,T. Dostálová,M. Seydlova,Radim Hippman,L. Smídl,J. Trmal,J. Psutka,,,,,,,,,,,,,,,,,
Min Wu,Xinlei Zhao,L. Koenig,J. Glore,Thomas Wirtz,John Lynch,T. Schleyer,,,,,,,,,,,,,,,,,,,
J. Valenza,James M Spence,David Taylor,M. Walji,,,,,,,,,,,,,,,,,,,,,,
J. Irwin,T. Schleyer,,,,,,,,,,,,,,,,,,,,,,,,
M. Walji,David Taylor,J. Langabeer,J. Valenza,,,,,,,,,,,,,,,,,,,,,,
Heather K. Hill,D. Stewart,J. Ash,,,,,,,,,,,,,,,,,,,,,,,
P. Stark,E. Kalenderian,Joel M. White,M. Walji,D. Stewart,N. Kimmes,Thomas R Meng,G. Willis,Ted DeVries,R. Chapman,,,,,,,,,,,,,,,,
Heather K. Hill,D. Stewart,J. Ash,,,,,,,,,,,,,,,,,,,,,,,
C. L. Straub-Morarend,T. Marshall,D. C. Holmes,M. Finkelstein,,,,,,,,,,,,,,,,,,,,,,
P. Cardelli,R. Turrini,A. Bulletti,G. Castelli,A. Vanini,A. Pagnoni,,,,,,,,,,,,,,,,,,,,
A. Acharya,Andrea N Mahnke,P. Chyou,Carla Rottscheit,J. Starren,,,,,,,,,,,,,,,,,,,,,
B. K. Schroder,,,,,,,,,,,,,,,,,,,,,,,,,
E. Frank,,,,,,,,,,,,,,,,,,,,,,,,,
R. Cederberg,J. Valenza,,,,,,,,,,,,,,,,,,,,,,,,
K. Gardner,,,,,,,,,,,,,,,,,,,,,,,,,
Zachary Van Hilsen,R. Jones,,,,,,,,,,,,,,,,,,,,,,,,
A. Ruttenberg,William D. Duncan,M. Haendel,C. Torniai,A. Acharya,Mei Song,T. Thyvalikakath,K. Liu,Pedro Hernández,,,,,,,,,,,,,,,,,
J. Valenza,David Taylor,M. Walji,C. Johnson,,,,,,,,,,,,,,,,,,,,,,
E. Leonardi,A. Agocs,S. Fragkiskos,N. Kasfikis,J. Le Goff,M. Cristalli,V. Luzzi,A. Polimeni,,,,,,,,,,,,,,,,,,
S. G. Reed,Shawn S. Adibi,Mullen Coover,R. Gellin,A. Wahlquist,Anitha AbdulRahiman,Lindsey H Hamil,M. Walji,P. O'Neill,E. Kalenderian,,,,,,,,,,,,,,,,
D. T. Ford,,,,,,,,,,,,,,,,,,,,,,,,,
J. Zvárová,K. Chleborad,K. Zvára,T. Dostálová,,,,,,,,,,,,,,,,,,,,,,
Adham Abdelrahim,Neel A. Shimpi,H. Hegde,Katelyn C Kleutsch,P. Chyou,Gaurav Jain,A. Acharya,,,,,,,,,,,,,,,,,,,